0,y9go9wnm,1,https://www.speedrun.com/sm64/runs/y9go9wnm,2026-02-18T08:38:19Z,2771,2771,jn32931x,Suigi,Canada,N64, 70_Star
1,zpo7ornm,2,https://www.speedrun.com/sm64/runs/zpo7ornm,2025-09-16T16:05:30Z,2788,2788,N64, 70_Star
2,zqqn9jrz,3,https://www.speedrun.com/sm64/runs/zqqn9jrz,2024-11-02T19:21:23Z,2790,2790,1xy9p1vj,taihou,Japan,EMU, 70_Star
3,zq2kgl5z,4,https://www.speedrun.com/sm64/runs/zq2kgl5z,2024-11-28T16:24:47Z,2795,2795,kjprmwk8,Weegee,United States,N64, 70_Star
4,zg1nx3dz,5,https://www.speedrun.com/sm64/runs/zg1nx3dz,2026-02-23T04:25:55Z,2796,2796,jmolpwo8,Raisn,Germany,EMU, 70_Star
5,yjrjk4dz,6,https://www.speedrun.com/sm64/runs/yjrjk4dz,2026-02-16T19:46:59Z,2804,2804,18v62qyx,Benji64,Austria,N64, 70_Star
6,z021v9jm,6,https://www.speedrun.com/sm64/runs/z021v9jm,2026-03-08T17:34:57Z,2804,2804,jpmk03yj,Zapy,Japan,N64, 70_Star
7,mew4438m,8,https://www.speedrun.com/sm64/runs/mew4438m,2024-04-02T02:08:17Z,2806,2806,x353dr7j,Finnii602,Germany,VC, 70_Star
8,yj211d3m,9,https://www.speedrun.com/sm64/runs/yj211d3m,2023-06-03T16:03:45Z,2814,2814,8wkzer38,Parsee02,Japan,N64, 70_Star
9,yo8j4x7z,9,https://www.speedrun.com/sm64/runs/yo8j4x7z,2026-03-03T22:24:23Z,2814,2814,zx7gnyx7,Dwhatever,Germany,N64, 70_Star
10,y8pjk2dz,11,https://www.speedrun.com/sm64/runs/y8pjk2dz,2024-08-25T13:36:30Z,2819,2819,kjpqrr4x,Goldrush,Japan,N64, 70_Star
11,megk4q9y,12,https://www.speedrun.com/sm64/runs/megk4q9y,2024-07-13T08:30:52Z,2821,2821,jm3lqln8,Mauir,Chile,EMU, 70_Star
12,y2810rwy,12,https://www.speedrun.com/sm64/runs/y2810rwy,2025-05-11T01:55:18Z,2821,2821,jmolpwo8,Raisn,Germany,N64, 70_Star
13,y8w614wy,14,https://www.speedrun.com/sm64/runs/y8w614wy,2024-05-02T11:51:34Z,2825,2825,j51q9668,RianDiCielo,Panama,VC, 70_Star
14,zqne4v8z,14,https://www.speedrun.com/sm64/runs/zqne4v8z,2026-04-20T00:35:35Z,2825,2825,j2ylqn68,Karin,Japan,N64, 70_Star
15,mkw6x4lm,16,https://www.speedrun.com/sm64/runs/mkw6x4lm,2025-09-08T22:18:28Z,2829,2829,1xyd46wx,Kally,United States,N64, 70_Star
16,ywo8dv9m,16,https://www.speedrun.com/sm64/runs/ywo8dv9m,2026-03-10T00:13:41Z,2829,2829,v813p3lx,Armada,Sweden,N64, 70_Star
17,mr64opgm,18,https://www.speedrun.com/sm64/runs/mr64opgm,2022-01-03T15:22:37Z,2830,2830,jo2mr9n8,marlene,N64, 70_Star
18,m3q295gy,19,https://www.speedrun.com/sm64/runs/m3q295gy,2023-08-08T07:09:45Z,2833,2833,7j40gpw8,cuas,N64, 70_Star
19,y4np23dm,20,https://www.speedrun.com/sm64/runs/y4np23dm,2025-09-12T23:23:30Z,2836,2836,xk4zke6j,ElDeve,Argentina,EMU, 70_Star
20,zn3pr37y,21,https://www.speedrun.com/sm64/runs/zn3pr37y,2020-11-11T01:42:44Z,2838,2838,zx76v0j7,Taggo,Sweden,N64, 70_Star
21,zq52138z,22,https://www.speedrun.com/sm64/runs/zq52138z,2026-01-11T19:14:41Z,2840,2840,8l3ldyl8,jumpmanmatthew,United States,N64, 70_Star
22,zpo57dnm,23,https://www.speedrun.com/sm64/runs/zpo57dnm,2025-08-21T11:28:16Z,2841,2841,5j52dgqj,lunarjump,United States,N64, 70_Star
23,znrw18ly,24,https://www.speedrun.com/sm64/runs/znrw18ly,2019-05-19T12:28:58Z,2843,2843,48gev4rj,puncayshun,United States,N64, 70_Star
24,me7xg3qy,24,https://www.speedrun.com/sm64/runs/me7xg3qy,2021-04-25T03:30:35Z,2843,2843,o86nzl0x,Xoofey,United States,N64, 70_Star
25,y2pn586z,24,https://www.speedrun.com/sm64/runs/y2pn586z,2022-07-01T13:54:45Z,2843,2843,v814mkp8,cheese,Spain,N64, 70_Star
26,z10qgkrm,27,https://www.speedrun.com/sm64/runs/z10qgkrm,2026-04-21T16:38:33Z,2844,2844,8vo9o92x,Carlos64,Spain,EMU, 70_Star
27,z1x2q7wm,28,https://www.speedrun.com/sm64/runs/z1x2q7wm,2021-09-07T00:05:52Z,2847,2847,o862d3xz,Biinny,England,N64, 70_Star
28,znv5po3m,29,https://www.speedrun.com/sm64/runs/znv5po3m,2023-08-10T18:06:46Z,2849,2849,xyrqdwmj,Zhilkan,Spain,EMU, 70_Star
29,yvxrkeez,30,https://www.speedrun.com/sm64/runs/yvxrkeez,2024-09-01T22:48:43Z,2851,2851,kj92gmv8,Dowsky,United States,N64, 70_Star
30,zqpv1j5m,30,https://www.speedrun.com/sm64/runs/zqpv1j5m,2025-06-13T17:38:26Z,2851,2851,v81ddq38,Smau,Finland,N64, 70_Star
31,y8goow5z,30,https://www.speedrun.com/sm64/runs/y8goow5z,2025-08-08T01:35:04Z,2851,2851,j0n10kw8,jaquarium,United States,N64, 70_Star
32,y8dw71wz,33,https://www.speedrun.com/sm64/runs/y8dw71wz,2021-06-18T05:04:40Z,2855,2855,48gqo07j,darkdog47,United States,N64, 70_Star
33,zpw6d88y,34,https://www.speedrun.com/sm64/runs/zpw6d88y,2023-07-22T00:40:35Z,2856,2856,x35rvpkj,Scythamer,United States,N64, 70_Star
34,zgq48vdy,35,https://www.speedrun.com/sm64/runs/zgq48vdy,2022-11-23T22:56:21Z,2857,2857,dx35192j,Dezanig,Brazil,N64, 70_Star
35,yddx4q0y,36,https://www.speedrun.com/sm64/runs/yddx4q0y,2022-07-20T22:52:15Z,2858,2858,kjp9p28q,Sigotu,Poland,EMU, 70_Star
36,m3vxq5gz,37,https://www.speedrun.com/sm64/runs/m3vxq5gz,2025-07-02T22:23:28Z,2861,2861,x353dr7j,Finnii602,Germany,N64, 70_Star
37,yd2dj4jm,38,https://www.speedrun.com/sm64/runs/yd2dj4jm,2023-11-18T16:28:46Z,2862,2862,xyrdnrnj,Chemus,Brazil,EMU, 70_Star
38,mkd23l3y,39,https://www.speedrun.com/sm64/runs/mkd23l3y,2022-08-08T20:53:43Z,2863,2863,zx77v7rx,simply,United States,N64, 70_Star
39,yo8rq70z,39,https://www.speedrun.com/sm64/runs/yo8rq70z,2026-04-06T20:59:53Z,2863,2863,qj2y1r68,JJsrl,United States,VC, 70_Star
40,m3vweewz,41,https://www.speedrun.com/sm64/runs/m3vweewz,2025-08-09T17:46:24Z,2865,2865,8v5253yj,taciturn,United States,EMU, 70_Star
41,y4qvrddm,42,https://www.speedrun.com/sm64/runs/y4qvrddm,2022-07-15T06:03:02Z,2866,2866,pj0o24rj,Aleph64,Germany,VC, 70_Star
42,y681g10z,42,https://www.speedrun.com/sm64/runs/y681g10z,2026-02-10T01:42:18Z,2866,2866,xzld0398,ANYUJIN,Japan,N64, 70_Star
43,m7wr5j4z,44,https://www.speedrun.com/sm64/runs/m7wr5j4z,2022-03-29T02:34:19Z,2867,2867,y8d2v2mj,ChipGroove,United States,N64, 70_Star
44,y60pkx6y,45,https://www.speedrun.com/sm64/runs/y60pkx6y,2022-04-20T03:36:49Z,2868,2868,1xyd46wx,Kally,United States,VC, 70_Star
45,y8k7g01y,45,https://www.speedrun.com/sm64/runs/y8k7g01y,2024-02-04T23:27:01Z,2868,2868,v816eo5x,Soda,VC, 70_Star
46,m38rj86y,47,https://www.speedrun.com/sm64/runs/m38rj86y,2026-03-27T21:10:02Z,2869,2869,x3p4pyk8,NathanCarter,United States,VC, 70_Star
47,ywgneq3z,48,https://www.speedrun.com/sm64/runs/ywgneq3z,2024-05-07T00:01:42Z,2872,2872,98rl4w38,HorrorDoesSpeedRuns,United States,N64, 70_Star
48,m389koqy,48,https://www.speedrun.com/sm64/runs/m389koqy,2026-02-19T19:00:49Z,2872,2872,xkmnnmmj,ZUMMI,Italy,EMU, 70_Star
49,y8lxeenm,48,https://www.speedrun.com/sm64/runs/y8lxeenm,2026-04-15T02:05:52Z,2872,2872,86nnlvqx,Banova8,France,N64, 70_Star
50,yvp55k8y,51,https://www.speedrun.com/sm64/runs/yvp55k8y,2023-08-12T22:09:30Z,2873,2873,18q3zwqj,Dekudude,England,N64, 70_Star
51,y9klgokz,51,https://www.speedrun.com/sm64/runs/y9klgokz,2023-11-12T19:11:53Z,2873,2873,o866w58z,Xiah,Japan,N64, 70_Star
52,zq2nwl5z,53,https://www.speedrun.com/sm64/runs/zq2nwl5z,2025-03-27T06:27:20Z,2874,2874,kj9z6pn8,Sunnard,France,EMU, 70_Star
53,zp56jpny,53,https://www.speedrun.com/sm64/runs/zp56jpny,2026-01-04T04:24:52Z,2874,2874,zx7nlkq8,bev_prune_,Australia,N64, 70_Star
54,ydr2q0xz,55,https://www.speedrun.com/sm64/runs/ydr2q0xz,2021-06-12T23:50:10Z,2875,2875,qxk45r6j,hokorobi,Japan,N64, 70_Star
55,yl64xnxy,56,https://www.speedrun.com/sm64/runs/yl64xnxy,2023-05-11T03:49:50Z,2877,2877,8d4ywn58,vitroncio,Brazil,N64, 70_Star
56,z1kl3j9y,57,https://www.speedrun.com/sm64/runs/z1kl3j9y,2023-12-06T15:20:36Z,2878,2878,v8lgdovj,Drac,Brazil,N64, 70_Star
57,y8o1le5m,57,https://www.speedrun.com/sm64/runs/y8o1le5m,2024-12-23T03:29:47Z,2878,2878,jm3lqln8,Mauir,Chile,N64, 70_Star
58,y6j5650m,59,https://www.speedrun.com/sm64/runs/y6j5650m,2025-05-17T04:38:07Z,2879,2879,jpm2m44j,happydude124,United States,EMU, 70_Star
59,z0kpg7em,60,https://www.speedrun.com/sm64/runs/z0kpg7em,2025-12-03T04:19:35Z,2881,2881,qj2w3rpj,BlueBob,Canada,N64, 70_Star
60,yvnndjom,61,https://www.speedrun.com/sm64/runs/yvnndjom,2025-03-13T17:55:06Z,2882,2882,j5vgqlw8,crazywhw,United States,N64, 70_Star
61,8y8nlddy,62,https://www.speedrun.com/sm64/runs/8y8nlddy,2017-01-03T18:51:38Z,2894,2894,kj9lkowj,batora,Japan,N64, 70_Star
62,yd6wlnvz,62,https://www.speedrun.com/sm64/runs/yd6wlnvz,2019-09-21T15:01:29Z,2894,2894,98rp5e6j,Paracusia,Australia,N64, 70_Star
63,mkp9q21y,62,https://www.speedrun.com/sm64/runs/mkp9q21y,2024-02-27T00:43:07Z,2894,2894,0jmo9zn8,Redmoss,United States,N64, 70_Star
64,zpxk0pnm,65,https://www.speedrun.com/sm64/runs/zpxk0pnm,2024-10-11T04:50:08Z,2895,2895,5j5qzewj,Keubab,France,N64, 70_Star
65,zx8g4kqm,66,https://www.speedrun.com/sm64/runs/zx8g4kqm,2022-08-23T14:31:44Z,2896,2896,kj9egwv8,Afrodafro,Norway,N64, 70_Star
66,y6elnejz,66,https://www.speedrun.com/sm64/runs/y6elnejz,2024-07-23T14:01:54Z,2896,2896,pj0l653j,FailmanFlo,Germany,N64, 70_Star
67,zqwn21rz,68,https://www.speedrun.com/sm64/runs/zqwn21rz,2020-08-14T23:51:22Z,2897,2897,kjpqy9yx,Gainai,Germany,N64, 70_Star
68,ywgnw20z,68,https://www.speedrun.com/sm64/runs/ywgnw20z,2024-05-11T04:32:26Z,2897,2897,xk31v928,Dude095,United States,EMU, 70_Star
69,y4lwwjdz,70,https://www.speedrun.com/sm64/runs/y4lwwjdz,2024-07-27T18:58:04Z,2898,2898,jp47de4j,lerrythelobtser,Canada,N64, 70_Star
70,me7glq8y,71,https://www.speedrun.com/sm64/runs/me7glq8y,2021-06-20T23:57:31Z,2899,2899,y8dz54gj,Maosfx,United States,VC, 70_Star
71,me8296qm,72,https://www.speedrun.com/sm64/runs/me8296qm,2019-02-20T17:15:18Z,2900,2900,kj9ylvx4,V1RO,Canada,N64, 70_Star
72,mk4pgr1y,73,https://www.speedrun.com/sm64/runs/mk4pgr1y,2018-01-15T20:38:02Z,2902,2902,N64, 70_Star
73,m7pr02wm,74,https://www.speedrun.com/sm64/runs/m7pr02wm,2019-05-08T18:48:19Z,2903,2903,98rp5e6j,Paracusia,Australia,VC, 70_Star
74,ydg55pxy,74,https://www.speedrun.com/sm64/runs/ydg55pxy,2022-12-25T23:43:54Z,2903,2903,68wwn48g,Mitagi,Japan,N64, 70_Star
75,zn4g8v3m,76,https://www.speedrun.com/sm64/runs/zn4g8v3m,2019-02-17T22:11:43Z,2904,2904,kj9yz0wx,Liam,United States,N64, 70_Star
76,zqwq7j9z,76,https://www.speedrun.com/sm64/runs/zqwq7j9z,2020-07-18T10:34:14Z,2904,2904,1xyl49zj,Nebula,Australia,EMU, 70_Star
77,m3wvdndy,78,https://www.speedrun.com/sm64/runs/m3wvdndy,2025-03-14T16:39:23Z,2905,2905,8e6vr17j,piegolds,Australia,EMU, 70_Star
78,zqer725z,79,https://www.speedrun.com/sm64/runs/zqer725z,2022-12-20T17:28:47Z,2906,2906,8wlk4n4j,Kaimatix,England,N64, 70_Star
79,y6q0866z,79,https://www.speedrun.com/sm64/runs/y6q0866z,2023-11-20T00:31:54Z,2906,2906,qjn77418,sorichi,Japan,N64, 70_Star
80,y8lx1gdm,81,https://www.speedrun.com/sm64/runs/y8lx1gdm,2026-04-14T00:14:45Z,2907,2907,0jmw6wex,Bombs,United States,N64, 70_Star
81,nz1lv6jm,82,https://www.speedrun.com/sm64/runs/nz1lv6jm,2016-06-25T21:30:46Z,2908,2908,dx351yqj,siglemic,United States,VC, 70_Star
82,mr4w5e2z,83,https://www.speedrun.com/sm64/runs/mr4w5e2z,2021-03-28T10:19:01Z,2909,2909,zxze2zex,Flixer,United States,N64, 70_Star
83,z07nxx9y,83,https://www.speedrun.com/sm64/runs/z07nxx9y,2021-09-24T10:42:02Z,2909,2909,e8e6edj0,GothicLogic,United Kingdom,N64, 70_Star
84,zqvl259m,83,https://www.speedrun.com/sm64/runs/zqvl259m,2021-11-22T14:15:10Z,2909,2909,18vk21yj,Tabascoth,Austria,N64, 70_Star
85,zgrjqxem,86,https://www.speedrun.com/sm64/runs/zgrjqxem,2021-10-23T03:40:35Z,2910,2910,qxk4wo6j,saksdal,United States,N64, 70_Star
86,m3q9n0wy,87,https://www.speedrun.com/sm64/runs/m3q9n0wy,2023-04-24T22:26:06Z,2911,2911,qxkvqp2j,PKT_S,France,N64, 70_Star
87,y9jxe4km,87,https://www.speedrun.com/sm64/runs/y9jxe4km,2024-04-23T22:46:19Z,2911,2911,7j40gpw8,cuas,VC, 70_Star
88,zxqkek8m,89,https://www.speedrun.com/sm64/runs/zxqkek8m,2024-03-06T23:13:24Z,2912,2912,0jm36qe8,Xein64,Germany,N64, 70_Star
89,y2re819m,90,https://www.speedrun.com/sm64/runs/y2re819m,2025-12-08T21:59:08Z,2914,2914,jm0wk0y8,Kayleee,Canada,N64, 70_Star
90,y6q9pkqz,91,https://www.speedrun.com/sm64/runs/y6q9pkqz,2023-10-30T13:05:05Z,2915,2915,zxzqlnrx,Cysse,France,EMU, 70_Star
91,y45e172m,92,https://www.speedrun.com/sm64/runs/y45e172m,2017-07-11T08:14:37Z,2918,2918,v814mkp8,cheese,Spain,VC, 70_Star
92,y96n6n2y,92,https://www.speedrun.com/sm64/runs/y96n6n2y,2023-01-08T13:41:29Z,2918,2918,x359w0kj,mads_x3,Australia,N64, 70_Star
93,m7o5rpwy,94,https://www.speedrun.com/sm64/runs/m7o5rpwy,2024-08-05T21:27:08Z,2919,2919,98rky4qx,BigCheese,United States,VC, 70_Star
94,z5w66nnz,94,https://www.speedrun.com/sm64/runs/z5w66nnz,2025-08-20T11:45:43Z,2919,2919,xyreddzj,squimmie,United States,N64, 70_Star
95,z160g7wm,94,https://www.speedrun.com/sm64/runs/z160g7wm,2025-08-24T14:50:35Z,2919,2919,8enge328,BenedictFleur123,Netherlands,EMU, 70_Star
96,y9jog5nm,97,https://www.speedrun.com/sm64/runs/y9jog5nm,2024-02-17T03:18:04Z,2920,2920,y8dz54gj,Maosfx,United States,N64, 70_Star
97,y6j1onpm,97,https://www.speedrun.com/sm64/runs/y6j1onpm,2025-09-06T14:25:25Z,2920,2920,qxkrpqm8,Dackage,United States,EMU, 70_Star
98,m7wn419z,99,https://www.speedrun.com/sm64/runs/m7wn419z,2022-02-16T06:15:55Z,2921,2921,xkogpw98,Flandral,Brazil,EMU, 70_Star
99,ywxdw40m,99,https://www.speedrun.com/sm64/runs/ywxdw40m,2024-08-04T15:02:32Z,2921,2921,8ew0dk28, 70_StartGorilla,Sweden,EMU, 70_Star
100,z5gxe55m,99,https://www.speedrun.com/sm64/runs/z5gxe55m,2024-09-05T00:04:49Z,2921,2921,j4rpn7d8,Nils,Sweden,N64, 70_Star
101,y405k2nz,99,https://www.speedrun.com/sm64/runs/y405k2nz,2025-10-01T12:20:32Z,2921,2921,xzlelze8,xWicko,Australia,N64, 70_Star
102,y6lgewjy,103,https://www.speedrun.com/sm64/runs/y6lgewjy,2020-01-15T22:30:01Z,2922,2922,5j5v2nz8,Shans,Australia,EMU, 70_Star
103,mkwn45lm,104,https://www.speedrun.com/sm64/runs/mkwn45lm,2025-08-28T02:53:38Z,2924,2924,jo1o36nx, 70_Starso,Australia,EMU, 70_Star
104,9mewgx3m,105,https://www.speedrun.com/sm64/runs/9mewgx3m,2016-08-27T22:18:04Z,2925,2925,18q3r20j,Animazism,Wales,N64, 70_Star
105,jy9p82em,106,https://www.speedrun.com/sm64/runs/jy9p82em,2016-10-26T02:40:22Z,2926,2926,kj96o2nj,bluntslide42,United States,VC, 70_Star
106,y6pok91m,106,https://www.speedrun.com/sm64/runs/y6pok91m,2018-12-05T09:53:43Z,2926,2926,dx35yzej,TriforceTK,United States,EMU, 70_Star
107,z0lxd2oz,106,https://www.speedrun.com/sm64/runs/z0lxd2oz,2022-09-28T07:19:50Z,2926,2926,5j5w6qnj,kryptic80,United States,N64, 70_Star
108,y4oq6lnz,106,https://www.speedrun.com/sm64/runs/y4oq6lnz,2023-06-28T10:25:06Z,2926,2926,v816eo5x,Soda,N64, 70_Star
109,yo7n067m,110,https://www.speedrun.com/sm64/runs/yo7n067m,2021-06-10T22:37:59Z,2927,2927,v815edqj,Terji,Faroe Islands,N64, 70_Star
110,yl7kk5xm,110,https://www.speedrun.com/sm64/runs/yl7kk5xm,2022-04-27T06:07:54Z,2927,2927,v8lem77x,Frost_Byte,United States,N64, 70_Star
111,y4vqvdky,110,https://www.speedrun.com/sm64/runs/y4vqvdky,2026-04-12T13:57:57Z,2927,2927,8qrrp27j,TedFeds,United States,EMU, 70_Star
112,mrrv9g2m,113,https://www.speedrun.com/sm64/runs/mrrv9g2m,2022-10-01T21:48:09Z,2928,2928,j4rg3z58,CheesyLeech,United States,N64, 70_Star
113,yvpl4w6y,113,https://www.speedrun.com/sm64/runs/yvpl4w6y,2023-07-19T21:36:57Z,2928,2928,pj0v59xw,Wilko,Germany,N64, 70_Star
114,mrve7o4z,113,https://www.speedrun.com/sm64/runs/mrve7o4z,2024-03-03T15:39:29Z,2928,2928,v816eo5x,Soda,EMU, 70_Star
115,zpojp6xm,113,https://www.speedrun.com/sm64/runs/zpojp6xm,2025-09-07T05:58:34Z,2928,2928,jp4q645j,GoodGrieth,N64, 70_Star
116,z10p807m,113,https://www.speedrun.com/sm64/runs/z10p807m,2026-04-09T21:28:25Z,2928,2928,81q1oq5j,Ian_1243,Peru,N64, 70_Star
117,y6pjeeqm,118,https://www.speedrun.com/sm64/runs/y6pjeeqm,2019-02-26T05:39:02Z,2929,2929,zxzvprjq,toastrider91,Chad,N64, 70_Star
118,y8vw485z,118,https://www.speedrun.com/sm64/runs/y8vw485z,2021-03-09T20:15:37Z,2929,2929,18q9317j,kagami,Japan,N64, 70_Star
119,y9ldjq2y,118,https://www.speedrun.com/sm64/runs/y9ldjq2y,2022-02-20T07:53:14Z,2929,2929,kjpoery8,Falcon,Canada,N64, 70_Star
120,zqp0779m,118,https://www.speedrun.com/sm64/runs/zqp0779m,2025-06-20T20:09:21Z,2929,2929,v810d5rx,SubmarineCpt,United States,EMU, 70_Star
121,zp5lqqvy,118,https://www.speedrun.com/sm64/runs/zp5lqqvy,2025-10-25T11:27:18Z,2929,2929,qj2y1r68,JJsrl,United States,N64, 70_Star
122,y40p7q3z,118,https://www.speedrun.com/sm64/runs/y40p7q3z,2026-02-13T07:07:05Z,2929,2929,xzlq0er8,ricefarm,United States,N64, 70_Star
123,zxl5825z,124,https://www.speedrun.com/sm64/runs/zxl5825z,2022-03-07T05:36:54Z,2930,2930,x354692j,manxmud,United States,N64, 70_Star
124,zqq3ln1z,124,https://www.speedrun.com/sm64/runs/zqq3ln1z,2024-07-21T10:55:36Z,2930,2930,zxzn3w9x,spener1122,Canada,N64, 70_Star
125,zpo42orm,126,https://www.speedrun.com/sm64/runs/zpo42orm,2025-05-11T01:33:53Z,2931,2931,8geo5gpj,Unknown1470,United States,EMU, 70_Star
126,yvxg5poz,127,https://www.speedrun.com/sm64/runs/yvxg5poz,2024-07-15T17:20:04Z,2932,2932,qjor2nj6,Odme_,United States,VC, 70_Star
127,zx7el38y,128,https://www.speedrun.com/sm64/runs/zx7el38y,2022-07-27T06:00:48Z,2934,2934,8geyo77j,Leysauce,United States,N64, 70_Star
128,yw2o770y,128,https://www.speedrun.com/sm64/runs/yw2o770y,2025-08-27T05:41:45Z,2934,2934,8r7412qj,Rynnoo,United States,N64, 70_Star
129,zx0el18z,128,https://www.speedrun.com/sm64/runs/zx0el18z,2025-09-14T03:40:10Z,2934,2934,v8lq4k7x,badroenis,United States,N64, 70_Star
130,yo45jjjm,131,https://www.speedrun.com/sm64/runs/yo45jjjm,2018-03-06T09:20:56Z,2935,2935,0jm7n3nj,phantaxx,United States,N64, 70_Star
131,meoo443z,131,https://www.speedrun.com/sm64/runs/meoo443z,2020-04-26T02:46:02Z,2935,2935,zxzpz50j,Fafel,Japan,N64, 70_Star
132,yvve136y,131,https://www.speedrun.com/sm64/runs/yvve136y,2024-01-22T03:38:29Z,2935,2935,qjnw4rdj,CapruSin,United States,EMU, 70_Star
133,y6dxjnjm,134,https://www.speedrun.com/sm64/runs/y6dxjnjm,2021-06-01T23:08:03Z,2936,2936,qjoe6e86,Widdit,United States,N64, 70_Star
134,y98nnxvz,134,https://www.speedrun.com/sm64/runs/y98nnxvz,2023-06-03T16:05:46Z,2936,2936,j2636gox,smc_,Scotland,N64, 70_Star
135,zngpg9lm,134,https://www.speedrun.com/sm64/runs/zngpg9lm,2025-06-27T23:51:42Z,2936,2936,81q1oq5j,Ian_1243,Peru,EMU, 70_Star
136,1zqg11rm,137,https://www.speedrun.com/sm64/runs/1zqg11rm,2015-08-20T01:50:43Z,2937,2937,e8eepzo8,alextolio,Greece,N64, 70_Star
137,y625j5pz,137,https://www.speedrun.com/sm64/runs/y625j5pz,2023-05-25T05:19:14Z,2937,2937,18vkpkyj,KobrahCJ,United States,N64, 70_Star
138,yd22j1wm,137,https://www.speedrun.com/sm64/runs/yd22j1wm,2023-12-18T07:00:55Z,2937,2937,8rpp0egj,Bluth,United States,N64, 70_Star
139,yjoj2woz,137,https://www.speedrun.com/sm64/runs/yjoj2woz,2024-02-15T19:58:34Z,2937,2937,8w1rr94x,sanj,Canada,EMU, 70_Star
140,z1nqop9y,137,https://www.speedrun.com/sm64/runs/z1nqop9y,2024-09-09T08:57:02Z,2937,2937,xzlq0er8,ricefarm,United States,EMU, 70_Star
141,nz1vv9ze,142,https://www.speedrun.com/sm64/runs/nz1vv9ze,2938,2938,pj0e6nm8,Issey,Brazil,VC, 70_Star
142,y4k1rw2m,142,https://www.speedrun.com/sm64/runs/y4k1rw2m,2023-09-26T03:47:59Z,2938,2938,8e6k1loj,Phoenix,Australia,VC, 70_Star
143,yvl6n36z,142,https://www.speedrun.com/sm64/runs/yvl6n36z,2024-03-11T04:44:56Z,2938,2938,zxzl7508,Seba54,Chile,EMU, 70_Star
144,y224027y,142,https://www.speedrun.com/sm64/runs/y224027y,2024-06-20T04:26:37Z,2938,2938,1xy5vzy8,m0m0,N64, 70_Star
145,zx06x7ez,142,https://www.speedrun.com/sm64/runs/zx06x7ez,2025-06-02T11:34:42Z,2938,2938,qj2rklpx,cjrokokomero,Italy,N64, 70_Star
146,m32d984y,142,https://www.speedrun.com/sm64/runs/m32d984y,2025-09-27T09:44:26Z,2938,2938,8e6k1loj,Phoenix,Australia,N64, 70_Star
147,m7lx180y,148,https://www.speedrun.com/sm64/runs/m7lx180y,2025-06-29T13:27:46Z,2939,2939,8r7m4ldj,beeve,United States,N64, 70_Star
148,zx56x7em,149,https://www.speedrun.com/sm64/runs/zx56x7em,2025-11-05T06:24:05Z,2940,2940,pj0zm38w,Geenix,United States,N64, 70_Star
149,pzgw80jy,150,https://www.speedrun.com/sm64/runs/pzgw80jy,2015-06-05T01:08:04Z,2941,2941,qjo2pq38,Haliinen,Sweden,N64, 70_Star
150,y4r5w42z,150,https://www.speedrun.com/sm64/runs/y4r5w42z,2021-04-14T09:43:13Z,2941,2941,68w040qj,Creator_Destroyer,United States,N64, 70_Star
151,zq7gdv9m,150,https://www.speedrun.com/sm64/runs/zq7gdv9m,2022-05-10T20:17:16Z,2941,2941,8wlk4n4j,Kaimatix,England,EMU, 70_Star
152,z17wxp7z,153,https://www.speedrun.com/sm64/runs/z17wxp7z,2026-02-13T07:19:15Z,2942,2942,98rky4qx,BigCheese,United States,N64, 70_Star
153,mek2603m,154,https://www.speedrun.com/sm64/runs/mek2603m,2018-02-21T12:45:24Z,2943,2943,N64, 70_Star
154,y4nj202m,154,https://www.speedrun.com/sm64/runs/y4nj202m,2025-08-05T10:37:37Z,2943,2943,48g0d97x,laty_,United States,N64, 70_Star
155,m72kkv4z,156,https://www.speedrun.com/sm64/runs/m72kkv4z,2023-04-16T03:15:22Z,2945,2945,0jmo9zn8,Redmoss,United States,EMU, 70_Star
156,mkvgp05y,157,https://www.speedrun.com/sm64/runs/mkvgp05y,2023-01-15T18:30:18Z,2946,2946,98r475gj,Blakeo2,England,N64, 70_Star
157,6yj592dm,158,https://www.speedrun.com/sm64/runs/6yj592dm,2015-12-18T23:38:02Z,2947,2947,18ql07jn,luke994,England,N64, 70_Star
158,emkoo1z6,159,https://www.speedrun.com/sm64/runs/emkoo1z6,2948,2948,e8eepzo8,alextolio,Greece,VC, 70_Star
159,z5vwxejm,159,https://www.speedrun.com/sm64/runs/z5vwxejm,2022-03-01T23:20:58Z,2948,2948,zxzzzrxq,Moose,United States,N64, 70_Star
160,ywrj3enm,159,https://www.speedrun.com/sm64/runs/ywrj3enm,2023-06-21T22:14:03Z,2948,2948,8w139m3x,oatslice,Australia,N64, 70_Star
161,1zxjvkyx,162,https://www.speedrun.com/sm64/runs/1zxjvkyx,2023-10-27T14:04:24Z,2949,2949,dx351yqj,siglemic,United States,N64, 70_Star
162,zpr37v8m,162,https://www.speedrun.com/sm64/runs/zpr37v8m,2020-05-15T22:09:13Z,2949,2949,dx3q74qj,chubby,Norway,N64, 70_Star
163,ywp28p2z,164,https://www.speedrun.com/sm64/runs/ywp28p2z,2019-02-19T04:44:02Z,2950,2950,dx31lw78,RockChalk19,United States,N64, 70_Star
164,ywpv949z,165,https://www.speedrun.com/sm64/runs/ywpv949z,2018-12-04T16:42:21Z,2951,2951,qjop4q3x,groovy31,Finland,N64, 70_Star
165,y8249gdy,166,https://www.speedrun.com/sm64/runs/y8249gdy,2020-08-17T09:36:05Z,2952,2952,qjo9ypnj,OkamiBW,United States,VC, 70_Star
166,zqerglrz,166,https://www.speedrun.com/sm64/runs/zqerglrz,2022-12-19T16:12:04Z,2952,2952,8vkrw22j,Tag609,United States,N64, 70_Star
167,zqegjkrz,166,https://www.speedrun.com/sm64/runs/zqegjkrz,2023-01-08T17:09:45Z,2952,2952,jnz2ykqj,ShaDowSPoweR,France,EMU, 70_Star
168,m70wn89y,169,https://www.speedrun.com/sm64/runs/m70wn89y,2023-06-23T02:59:25Z,2953,2953,7j4q7emx,eleesuh,Germany,N64, 70_Star
169,yljk10rm,169,https://www.speedrun.com/sm64/runs/yljk10rm,2025-05-18T09:35:50Z,2953,2953,8ek64w68,mAf1sss,Israel,EMU, 70_Star
170,z5dg4knm,171,https://www.speedrun.com/sm64/runs/z5dg4knm,2021-10-19T08:15:46Z,2954,2954,qjnz771j,jane_dair,United States,N64, 70_Star
171,mrnwqr2y,172,https://www.speedrun.com/sm64/runs/mrnwqr2y,2021-11-07T03:52:16Z,2955,2955,8r7w9lgj,ClementLeBro,France,N64, 70_Star
172,zgqk3kny,172,https://www.speedrun.com/sm64/runs/zgqk3kny,2022-08-08T07:14:50Z,2955,2955,8l0o5q78,HeroSuperman1,United States,N64, 70_Star
173,yw66p6nm,172,https://www.speedrun.com/sm64/runs/yw66p6nm,2022-09-09T16:14:15Z,2955,2955,1xy05zjr,turara32767,Japan,N64, 70_Star
174,yj200k7m,172,https://www.speedrun.com/sm64/runs/yj200k7m,2023-08-30T17:27:02Z,2955,2955,8lpl934j,PegiTheLoca,Germany,EMU, 70_Star
175,mrx1e0gm,172,https://www.speedrun.com/sm64/runs/mrx1e0gm,2024-08-12T12:32:11Z,2955,2955,qxkrpqm8,Dackage,United States,VC, 70_Star
176,zx0wweez,172,https://www.speedrun.com/sm64/runs/zx0wweez,2025-07-21T07:33:27Z,2955,2955,8rpwpnqj,inferno676,United States,N64, 70_Star
177,mel1nk0z,178,https://www.speedrun.com/sm64/runs/mel1nk0z,2023-07-03T19:26:44Z,2956,2956,pj0zz298,BeastAssassin67,United States,N64, 70_Star
178,zx4pg68y,179,https://www.speedrun.com/sm64/runs/zx4pg68y,2019-03-21T23:54:43Z,2958,2958,zxz97kn8,Drogie,Switzerland,N64, 70_Star
179,mkerq5xm,179,https://www.speedrun.com/sm64/runs/mkerq5xm,2022-03-07T23:22:41Z,2958,2958,x35r767j,Schnoz64,United States,N64, 70_Star
180,z08p2g8m,179,https://www.speedrun.com/sm64/runs/z08p2g8m,2025-02-01T14:49:44Z,2958,2958,8lr0m1v8,Avatar,United States,N64, 70_Star
181,z1q7vk7y,182,https://www.speedrun.com/sm64/runs/z1q7vk7y,2023-03-26T13:06:37Z,2959,2959,j2wlm4pj,Johnny3Oak,United States,N64, 70_Star
182,z0jqvj8y,182,https://www.speedrun.com/sm64/runs/z0jqvj8y,2023-07-29T06:53:07Z,2959,2959,xko59n68,FleetingAzure,United States,N64, 70_Star
183,y9ewwkvz,182,https://www.speedrun.com/sm64/runs/y9ewwkvz,2025-08-20T09:23:10Z,2959,2959,zxz67wn8,AJLane,United States,N64, 70_Star
184,ydo5x2jz,182,https://www.speedrun.com/sm64/runs/ydo5x2jz,2025-10-24T11:54:28Z,2959,2959,86nqn6wx,Susano130,Japan,N64, 70_Star
185,7yle1d2z,186,https://www.speedrun.com/sm64/runs/7yle1d2z,2016-01-19T05:54:46Z,2960,2960,18vpmn8l,ZDeztroyerz,N64, 70_Star
186,zxojqo5z,186,https://www.speedrun.com/sm64/runs/zxojqo5z,2021-10-24T02:31:04Z,2960,2960,pj0l653j,FailmanFlo,Germany,EMU, 70_Star
187,ywo3280m,188,https://www.speedrun.com/sm64/runs/ywo3280m,2026-04-12T03:29:33Z,2961,2961,8v06pg5x,MILO218GX,Venezuela,EMU, 70_Star
188,9yo4n7jm,189,https://www.speedrun.com/sm64/runs/9yo4n7jm,2015-01-01T17:41:54Z,2962,2962,pj02nmw8,nero_x2,Japan,N64, 70_Star
189,mr70g5gz,189,https://www.speedrun.com/sm64/runs/mr70g5gz,2022-07-04T23:18:41Z,2962,2962,jmpp51ej,amsixx,Spain,EMU, 70_Star
190,yv746pey,189,https://www.speedrun.com/sm64/runs/yv746pey,2025-04-20T02:42:37Z,2962,2962,x7mo69vx,rig_,Canada,N64, 70_Star
191,zn5ng0lz,189,https://www.speedrun.com/sm64/runs/zn5ng0lz,2026-02-10T04:18:42Z,2962,2962,8ek14278,Zinsch,Denmark,EMU, 70_Star
192,wzp321xm,193,https://www.speedrun.com/sm64/runs/wzp321xm,2015-08-23T15:19:59Z,2964,2964,98rp3q6j,joeys64,Netherlands,VC, 70_Star
193,y8kj5jdy,193,https://www.speedrun.com/sm64/runs/y8kj5jdy,2023-11-13T19:29:03Z,2964,2964,1xyw6wn8,markinator99,United States,N64, 70_Star
194,mr8dk38y,195,https://www.speedrun.com/sm64/runs/mr8dk38y,2019-02-19T20:36:04Z,2965,2965,48gyr78p,theorylocked,Palestine,EMU, 70_Star
195,ydr2o1wz,195,https://www.speedrun.com/sm64/runs/ydr2o1wz,2021-06-16T03:24:24Z,2965,2965,v8lgdovj,Drac,Brazil,EMU, 70_Star
196,yjdqwr7y,195,https://www.speedrun.com/sm64/runs/yjdqwr7y,2022-10-22T07:03:59Z,2965,2965,48gkmp2j,mercredi,Canada,N64, 70_Star
197,ywrjxe3m,195,https://www.speedrun.com/sm64/runs/ywrjxe3m,2023-06-23T07:38:29Z,2965,2965,5j5097nx,ErikaSunrose,Sweden,EMU, 70_Star
198,y9wj25vz,199,https://www.speedrun.com/sm64/runs/y9wj25vz,2025-12-30T15:08:50Z,2966,2966,xz2z23ex,King_bay,Japan,N64, 70_Star
199,8y8gqdz1,200,https://www.speedrun.com/sm64/runs/8y8gqdz1,2967,2967,48gev4rj,puncayshun,United States,EMU, 70_Star
200,y47ljl3y,200,https://www.speedrun.com/sm64/runs/y47ljl3y,2021-10-18T07:07:55Z,2967,2967,kjpmy0jq,ThatDrunkenDwarf,England,N64, 70_Star
201,pm32ro6y,202,https://www.speedrun.com/sm64/runs/pm32ro6y,2016-12-18T05:55:47Z,2968,2968,68wegq8g,Custom,Canada,N64, 70_Star
202,y2rd4g9m,203,https://www.speedrun.com/sm64/runs/y2rd4g9m,2025-10-31T06:00:21Z,2969,2969,8q316z7j,dista,United States,N64, 70_Star
203,zp5j7k8y,203,https://www.speedrun.com/sm64/runs/zp5j7k8y,2026-02-11T11:19:10Z,2969,2969,xyl4ynzj,imchach,United States,EMU, 70_Star
204,zx7ldxky,205,https://www.speedrun.com/sm64/runs/zx7ldxky,2022-05-24T03:58:49Z,2970,2970,qjok7l78,TwitchName,United States,N64, 70_Star
205,y2k6xkjy,206,https://www.speedrun.com/sm64/runs/y2k6xkjy,2024-01-22T06:35:16Z,2971,2971,xk3og178,Instinct64,United States,EMU, 70_Star
206,zn221l9z,206,https://www.speedrun.com/sm64/runs/zn221l9z,2024-05-14T14:33:42Z,2971,2971,jo3r970j,Elva,Japan,N64, 70_Star
207,ylj4orxm,206,https://www.speedrun.com/sm64/runs/ylj4orxm,2025-05-03T09:41:46Z,2971,2971,8v57kgvj,GrievousD2,Canada,N64, 70_Star
208,zx44n7qy,209,https://www.speedrun.com/sm64/runs/zx44n7qy,2018-07-01T12:23:37Z,2973,2973,0jml0zy8,akki,Japan,N64, 70_Star
209,m31ojdgz,209,https://www.speedrun.com/sm64/runs/m31ojdgz,2019-06-20T07:01:03Z,2973,2973,qxkg359j,SonicFerrari,United States,VC, 70_Star
210,m774pl4m,209,https://www.speedrun.com/sm64/runs/m774pl4m,2021-11-13T05:42:05Z,2973,2973,8rpv21dj,ZeusSM64,New Zealand,EMU, 70_Star
211,y26p129m,209,https://www.speedrun.com/sm64/runs/y26p129m,2026-04-09T02:38:22Z,2973,2973,8vrlwknx,Baladron11,Chile,EMU, 70_Star
212,oy2837yd,213,https://www.speedrun.com/sm64/runs/oy2837yd,2024-05-04T08:55:36Z,2974,2974,pj0e6nm8,Issey,Brazil,EMU, 70_Star
213,y8rr76nm,213,https://www.speedrun.com/sm64/runs/y8rr76nm,2020-10-17T22:58:48Z,2974,2974,pj0ke0m8,SeanRaider,Canada,N64, 70_Star
214,y918n1em,213,https://www.speedrun.com/sm64/runs/y918n1em,2020-11-26T02:43:03Z,2974,2974,1xy5r7w8,ClintStevens,United States,N64, 70_Star
215,zgqv19ny,213,https://www.speedrun.com/sm64/runs/zgqv19ny,2022-08-19T06:15:36Z,2974,2974,qjo1ovnx,FireGoesFast,Australia,VC, 70_Star
216,m70173wy,213,https://www.speedrun.com/sm64/runs/m70173wy,2023-04-25T15:13:55Z,2974,2974,e8evzg7x,gamiru,Japan,N64, 70_Star
217,y9g3kj2m,213,https://www.speedrun.com/sm64/runs/y9g3kj2m,2026-04-01T07:29:33Z,2974,2974,jm392d48,k8ehops,United States,N64, 70_Star
218,mkxewqlz,213,https://www.speedrun.com/sm64/runs/mkxewqlz,2026-04-07T03:15:08Z,2974,2974,98ryllqj,Fizz,United States,VC, 70_Star
219,me2gvgqm,220,https://www.speedrun.com/sm64/runs/me2gvgqm,2025-07-28T21:03:09Z,2975,2975,j0vkm73x,druz,United States,EMU, 70_Star
220,8m7djx0m,221,https://www.speedrun.com/sm64/runs/8m7djx0m,2015-11-05T23:04:39Z,2976,2976,18qrrdjn,Waz, 70_Starrthern Ireland,N64, 70_Star
221,zg69xrdm,221,https://www.speedrun.com/sm64/runs/zg69xrdm,2025-08-17T05:41:42Z,2976,2976,8g2zm0rj,meephs,N64, 70_Star
222,y28rkj6y,221,https://www.speedrun.com/sm64/runs/y28rkj6y,2025-08-19T02:29:22Z,2976,2976,68wg36qx,ded_lej, 70_Starrth Korea,N64, 70_Star
223,zxowjn5z,224,https://www.speedrun.com/sm64/runs/zxowjn5z,2021-10-06T09:04:44Z,2977,2977,j51q9668,RianDiCielo,Panama,EMU, 70_Star
224,mex37lqz,225,https://www.speedrun.com/sm64/runs/mex37lqz,2019-10-01T15:16:09Z,2978,2978,o86vqpqj,Tama,United States,N64, 70_Star
225,me940r2z,225,https://www.speedrun.com/sm64/runs/me940r2z,2021-02-11T05:56:57Z,2978,2978,86nrm5qx,taylor3311,Japan,N64, 70_Star
226,yonw387z,225,https://www.speedrun.com/sm64/runs/yonw387z,2023-08-26T21:39:23Z,2978,2978,jo3v1n0j,Sabxander,Romania,EMU, 70_Star
227,y9d935rm,225,https://www.speedrun.com/sm64/runs/y9d935rm,2024-08-13T12:48:54Z,2978,2978,j0nv6wm8,shikibi_hiiro,Japan,N64, 70_Star
228,y2nglp5y,225,https://www.speedrun.com/sm64/runs/y2nglp5y,2025-02-19T06:25:48Z,2978,2978,v819rrxp,Marco,France,N64, 70_Star
229,zn6jw5vy,225,https://www.speedrun.com/sm64/runs/zn6jw5vy,2026-04-18T21:40:05Z,2978,2978,48gyr78p,theorylocked,Palestine,N64, 70_Star
230,y213ew9z,231,https://www.speedrun.com/sm64/runs/y213ew9z,2019-06-05T06:41:40Z,2979,2979,kj9vd9ox,JMill,United States,EMU, 70_Star
231,yl0dvxky,231,https://www.speedrun.com/sm64/runs/yl0dvxky,2019-12-15T16:03:33Z,2979,2979,dx354dqj,Smaugy,Sweden,VC, 70_Star
232,zp4635gz,231,https://www.speedrun.com/sm64/runs/zp4635gz,2019-12-16T03:28:27Z,2979,2979,e8ezrq68,Yale,United States,N64, 70_Star
233,zn20gl8z,231,https://www.speedrun.com/sm64/runs/zn20gl8z,2024-04-05T01:49:54Z,2979,2979,x35d1dqj,mdgrav,Norway,N64, 70_Star
234,8y8p1x5z,235,https://www.speedrun.com/sm64/runs/8y8p1x5z,2016-09-11T19:31:39Z,2980,2980,zx73kqj7,Skaredogged97,Switzerland,EMU, 70_Star
235,m31r0d6z,235,https://www.speedrun.com/sm64/runs/m31r0d6z,2019-08-21T22:26:02Z,2980,2980,7j41p5j1,SuperViperT302,United States,N64, 70_Star
236,y95vnokz,235,https://www.speedrun.com/sm64/runs/y95vnokz,2019-09-30T13:26:50Z,2980,2980,0jmvmzj1,protoman5,United States,N64, 70_Star
237,y91qqonm,235,https://www.speedrun.com/sm64/runs/y91qqonm,2021-01-04T07:07:01Z,2980,2980,kjpqyw0x,Gerbiez,Canada,N64, 70_Star
238,y8dkjxxz,239,https://www.speedrun.com/sm64/runs/y8dkjxxz,2021-06-14T14:41:09Z,2981,2981,7j4mzd5j,Thomkar,Norway,EMU, 70_Star
239,pm3wdgy0,240,https://www.speedrun.com/sm64/runs/pm3wdgy0,2982,2982,N64, 70_Star
240,mr405g4z,240,https://www.speedrun.com/sm64/runs/mr405g4z,2021-03-17T08:45:10Z,2982,2982,98r5d3wx,dinkyslinky,Norway,N64, 70_Star
241,yon9lq7z,240,https://www.speedrun.com/sm64/runs/yon9lq7z,2023-06-05T02:44:53Z,2982,2982,x33wzg7x,Alooful,United States,EMU, 70_Star
242,yd63erwz,243,https://www.speedrun.com/sm64/runs/yd63erwz,2019-06-15T23:13:34Z,2983,2983,zxzn5rex,josiee,United States,EMU, 70_Star
243,ylkw032z,243,https://www.speedrun.com/sm64/runs/ylkw032z,2020-08-17T12:25:41Z,2983,2983,7j4drzdj,AppleJuice,United States,EMU, 70_Star
244,me7qdnqy,245,https://www.speedrun.com/sm64/runs/me7qdnqy,2021-07-18T09:17:00Z,2984,2984,dx32ywkj,Doopssb,Mexico,VC, 70_Star
245,yox39edy,245,https://www.speedrun.com/sm64/runs/yox39edy,2024-08-02T05:14:25Z,2984,2984,j2w1w5lj,RONC3NA,United States,N64, 70_Star
246,zpvl6enz,245,https://www.speedrun.com/sm64/runs/zpvl6enz,2026-03-18T03:09:07Z,2984,2984,x7z7pey8,Everchix,Japan,N64, 70_Star
247,y2jd8gjz,248,https://www.speedrun.com/sm64/runs/y2jd8gjz,2023-01-04T03:07:29Z,2985,2985,qj2yvm78,pete,United States,N64, 70_Star
248,1zq261zl,249,https://www.speedrun.com/sm64/runs/1zq261zl,2986,2986,N64, 70_Star
249,yl6lggry,249,https://www.speedrun.com/sm64/runs/yl6lggry,2023-07-19T17:07:40Z,2986,2986,j03z503j,Taki,Canada,N64, 70_Star
250,y8p8qe1z,249,https://www.speedrun.com/sm64/runs/y8p8qe1z,2024-08-28T05:24:36Z,2986,2986,18qm95dx,PsioNick,United States,N64, 70_Star
251,m3wopd6y,249,https://www.speedrun.com/sm64/runs/m3wopd6y,2024-12-17T03:38:40Z,2986,2986,xz27v1nx,NewmanBeatbox,United States,EMU, 70_Star
252,zpovg7nm,249,https://www.speedrun.com/sm64/runs/zpovg7nm,2025-08-24T20:00:49Z,2986,2986,8lpgwllj,Vadien,United States,N64, 70_Star
253,zge17xjy,254,https://www.speedrun.com/sm64/runs/zge17xjy,2023-08-14T11:18:49Z,2987,2987,81qg7ylj,ZachTunes,United States,N64, 70_Star
254,0y6ejx0z,255,https://www.speedrun.com/sm64/runs/0y6ejx0z,2016-10-01T22:03:48Z,2988,2988,N64, 70_Star
255,zxgr9lqy,255,https://www.speedrun.com/sm64/runs/zxgr9lqy,2021-07-09T20:04:08Z,2988,2988,8gr94w1x,tomkabs,Canada,N64, 70_Star
256,z0l4npoz,255,https://www.speedrun.com/sm64/runs/z0l4npoz,2022-11-10T22:19:50Z,2988,2988,j2www16j,treybordo,United States,N64, 70_Star
257,ywoknw9m,255,https://www.speedrun.com/sm64/runs/ywoknw9m,2026-04-01T08:13:54Z,2988,2988,x3q4rqqj,52koney,Japan,N64, 70_Star
258,7ylp9xmp,259,https://www.speedrun.com/sm64/runs/7ylp9xmp,2989,2989,5j52e9qj,GUTOA,Japan,N64, 70_Star
259,zq3v611y,259,https://www.speedrun.com/sm64/runs/zq3v611y,2018-09-18T10:55:37Z,2989,2989,kjpok428,timlittlefree,United States,N64, 70_Star
260,zpkvg5vy,259,https://www.speedrun.com/sm64/runs/zpkvg5vy,2025-03-29T03:39:03Z,2989,2989,pj0vn53x,Apeduden,Norway,N64, 70_Star
261,ywpvr79z,262,https://www.speedrun.com/sm64/runs/ywpvr79z,2018-11-29T00:54:12Z,2990,2990,98r70w3j,Heisenburger,United States,N64, 70_Star
262,medoqq2y,263,https://www.speedrun.com/sm64/runs/medoqq2y,2026-03-14T04:20:40Z,2991,2991,j5q7wvwj,machochin,Mexico,N64, 70_Star
263,yj3kj97z,264,https://www.speedrun.com/sm64/runs/yj3kj97z,2019-05-30T08:24:36Z,2992,2992,qj25v3lj,m_vitor,Brazil,N64, 70_Star
264,y4en0pkm,264,https://www.speedrun.com/sm64/runs/y4en0pkm,2020-12-23T11:52:53Z,2992,2992,8qzg3g08,MaxxxMurphy,United States,EMU, 70_Star
265,z58jj5jz,264,https://www.speedrun.com/sm64/runs/z58jj5jz,2024-03-08T06:05:43Z,2992,2992,zxz1vorj,Karyno,France,N64, 70_Star
266,me69q62z,267,https://www.speedrun.com/sm64/runs/me69q62z,2020-10-24T02:21:37Z,2993,2993,1xyky4n8,thags15,United States,N64, 70_Star
267,ydl891qz,267,https://www.speedrun.com/sm64/runs/ydl891qz,2024-07-07T06:27:10Z,2993,2993,8w12vnqx,LowAppeal,United States,N64, 70_Star
268,m7lr9j0y,267,https://www.speedrun.com/sm64/runs/m7lr9j0y,2025-09-11T04:20:17Z,2993,2993,jmzm5yyx,ClifforddTBRD,EMU, 70_Star
269,y4v5wxqy,267,https://www.speedrun.com/sm64/runs/y4v5wxqy,2026-02-22T21:12:16Z,2993,2993,j92p9yr8,jacobo,United States,EMU, 70_Star
270,7z00eoz5,271,https://www.speedrun.com/sm64/runs/7z00eoz5,2994,2994,o862d3xz,Biinny,England,EMU, 70_Star
271,7ylrwxry,272,https://www.speedrun.com/sm64/runs/7ylrwxry,2015-12-30T06:43:47Z,2995,2995,qxkovg98,gohanie,Japan,N64, 70_Star
272,6yjv80dy,272,https://www.speedrun.com/sm64/runs/6yjv80dy,2017-02-10T11:07:30Z,2995,2995,N64, 70_Star
273,m7q78gez,272,https://www.speedrun.com/sm64/runs/m7q78gez,2019-08-30T05:23:19Z,2995,2995,qj21mo8k,CartoonBuffoon,N64, 70_Star
274,zx2lkokm,272,https://www.speedrun.com/sm64/runs/zx2lkokm,2020-05-30T01:11:10Z,2995,2995,zxzn5rex,josiee,United States,N64, 70_Star
275,y2pxr2wz,272,https://www.speedrun.com/sm64/runs/y2pxr2wz,2022-05-17T08:44:08Z,2995,2995,8g5y277j,ReallyBadDK,United States,N64, 70_Star
276,mrxvv67m,272,https://www.speedrun.com/sm64/runs/mrxvv67m,2024-10-01T05:06:30Z,2995,2995,863low58,oogapooki,United States,N64, 70_Star
277,meno090m,272,https://www.speedrun.com/sm64/runs/meno090m,2024-12-27T23:42:04Z,2995,2995,jp6ed5k8,TNewm2215,United States,EMU, 70_Star
278,ylpwxxnm,272,https://www.speedrun.com/sm64/runs/ylpwxxnm,2025-04-05T06:44:17Z,2995,2995,xzy06e4j,jigy5000,Canada,EMU, 70_Star
279,zg606dnm,272,https://www.speedrun.com/sm64/runs/zg606dnm,2025-09-01T05:53:17Z,2995,2995,8eewvpp8,sazan,Japan,VC, 70_Star
280,y2doe7jz,281,https://www.speedrun.com/sm64/runs/y2doe7jz,2021-01-06T06:54:13Z,2996,2996,8l0o5q78,HeroSuperman1,United States,EMU, 70_Star
281,zq2p3x5z,281,https://www.speedrun.com/sm64/runs/zq2p3x5z,2025-03-15T03:05:30Z,2996,2996,j9v2rgox,EcCuardo,Peru,EMU, 70_Star
282,z025n6em,281,https://www.speedrun.com/sm64/runs/z025n6em,2026-03-11T15:09:20Z,2996,2996,864vnd5j,Louis64,Germany,N64, 70_Star
283,mej326qy,284,https://www.speedrun.com/sm64/runs/mej326qy,2022-01-22T14:16:25Z,2997,2997,o86m9k0j,xerint,Canada,N64, 70_Star
284,y9j52gem,284,https://www.speedrun.com/sm64/runs/y9j52gem,2024-03-01T18:07:14Z,2997,2997,j20qnrlx,MrFroggy,United States,EMU, 70_Star
285,ydvd6oxy,284,https://www.speedrun.com/sm64/runs/ydvd6oxy,2025-01-28T07:09:09Z,2997,2997,86v9945j,Tit0MEX_64,Mexico,EMU, 70_Star
286,y8gn6vnz,284,https://www.speedrun.com/sm64/runs/y8gn6vnz,2025-08-18T20:44:33Z,2997,2997,x3w377ej,AbUnderscored,Jordan,EMU, 70_Star
287,ydrpx2vz,288,https://www.speedrun.com/sm64/runs/ydrpx2vz,2021-07-09T07:31:01Z,2998,2998,8qz5n7q8,Gravydos,United States,N64, 70_Star
288,yln22o3z,288,https://www.speedrun.com/sm64/runs/yln22o3z,2023-04-02T20:34:14Z,2998,2998,0jmo9zn8,Redmoss,United States,VC, 70_Star
289,m3j53rgz,288,https://www.speedrun.com/sm64/runs/m3j53rgz,2024-07-28T21:52:36Z,2998,2998,pj0eny48,scoagogo, 70_Starrthern Ireland,EMU, 70_Star
290,y2nwlq9y,288,https://www.speedrun.com/sm64/runs/y2nwlq9y,2025-03-08T01:01:21Z,2998,2998,816nqwqx,Zaikenator,United States,N64, 70_Star
291,meo7veqz,292,https://www.speedrun.com/sm64/runs/meo7veqz,2020-05-16T02:35:50Z,2999,2999,98r2y03x,SoloQ,United States,EMU, 70_Star
292,ywkx93py,292,https://www.speedrun.com/sm64/runs/ywkx93py,2021-10-19T15:12:41Z,2999,2999,86vwom0j,WaterproofTeabag_,Australia,N64, 70_Star
293,mke2povm,292,https://www.speedrun.com/sm64/runs/mke2povm,2021-12-20T23:09:35Z,2999,2999,qxkmn26j,popesquidward,United States,N64, 70_Star
294,zx8ejxkm,292,https://www.speedrun.com/sm64/runs/zx8ejxkm,2022-11-24T22:50:58Z,2999,2999,xk4g0m9j,Dezod,United States,N64, 70_Star
295,y6edx1pz,292,https://www.speedrun.com/sm64/runs/y6edx1pz,2024-08-14T06:53:07Z,2999,2999,98ryllqj,Fizz,United States,N64, 70_Star
296,m3wre5wy,292,https://www.speedrun.com/sm64/runs/m3wre5wy,2025-01-15T20:30:20Z,2999,2999,8dpk11l8,TheBest2272,Spain,EMU, 70_Star
297,y2vd1w7z,298,https://www.speedrun.com/sm64/runs/y2vd1w7z,2021-01-30T07:53:42Z,3000,3000,jmokn1o8,dongerduck,N64, 70_Star
298,yo0g40jy,298,https://www.speedrun.com/sm64/runs/yo0g40jy,2024-06-18T04:51:18Z,3000,3000,8dw231lj,Snepy,Chile,N64, 70_Star
299,z56nd1ey,298,https://www.speedrun.com/sm64/runs/z56nd1ey,2026-01-28T12:18:12Z,3000,3000,joz5vm38,Sakoi,Japan,N64, 70_Star
300,y6wop40z,298,https://www.speedrun.com/sm64/runs/y6wop40z,2026-04-19T10:52:50Z,3000,3000,86vwk03j,Super_Dejan,Montenegro,N64, 70_Star
301,y8nrxlny,302,https://www.speedrun.com/sm64/runs/y8nrxlny,2025-10-28T11:25:03Z,3001,3001,8voq1v2x,Autonachick,Japan,N64, 70_Star
302,yol4111y,303,https://www.speedrun.com/sm64/runs/yol4111y,2022-12-09T22:24:13Z,3002,3002,zx7gw1rx,Invisible_hole,United States,N64, 70_Star
303,mrwql7dy,304,https://www.speedrun.com/sm64/runs/mrwql7dy,2026-02-24T21:15:56Z,3003,3003,jn5zm42j,Charamell,Spain,EMU, 70_Star
304,zxv7lqgy,305,https://www.speedrun.com/sm64/runs/zxv7lqgy,2017-10-22T00:56:37Z,3004,3004,y8dw9zgj,Alkobakknarko,Norway,N64, 70_Star
305,yw82q4ny,306,https://www.speedrun.com/sm64/runs/yw82q4ny,2020-07-30T04:03:49Z,3005,3005,v81q6w3j,bebopbandit,United States,N64, 70_Star
306,z5wq5gez,306,https://www.speedrun.com/sm64/runs/z5wq5gez,2025-09-03T00:20:29Z,3005,3005,8rperewj,nahobox,Scotland,EMU, 70_Star
307,zgond7dm,308,https://www.speedrun.com/sm64/runs/zgond7dm,2024-07-13T09:31:12Z,3006,3006,8r7nmpqj,Leproxy,United States,N64, 70_Star
308,ylr0253y,309,https://www.speedrun.com/sm64/runs/ylr0253y,2021-08-12T00:00:17Z,3008,3008,qjnel1dj,Zoro64,Germany,N64, 70_Star
309,yopn6j7m,309,https://www.speedrun.com/sm64/runs/yopn6j7m,2022-06-13T22:30:41Z,3008,3008,zx7zw1r8,egaSyeliR,United States,N64, 70_Star
310,zpd0wgnz,309,https://www.speedrun.com/sm64/runs/zpd0wgnz,2022-08-07T04:03:31Z,3008,3008,xz7q51nj,Bentengaming,United States,EMU, 70_Star
311,yww01kpy,312,https://www.speedrun.com/sm64/runs/yww01kpy,2025-01-04T22:14:32Z,3010,3010,18q652oj,Poke,United States,N64, 70_Star
312,z0d6ov9y,313,https://www.speedrun.com/sm64/runs/z0d6ov9y,2024-03-21T20:38:01Z,3011,3011,8vo90m5x,Nicolascs83,Spain,N64, 70_Star
313,mrvp322z,313,https://www.speedrun.com/sm64/runs/mrvp322z,2024-06-23T20:54:50Z,3011,3011,qxk6o7m8,Jojo,Netherlands,EMU, 70_Star
314,yjqd8q3m,313,https://www.speedrun.com/sm64/runs/yjqd8q3m,2025-07-02T20:38:23Z,3011,3011,48g7gd18,jepega,Netherlands,N64, 70_Star
315,y26qqw6m,313,https://www.speedrun.com/sm64/runs/y26qqw6m,2026-02-28T07:30:09Z,3011,3011,jo30mmnj,FelizAvis,United States,N64, 70_Star
316,yv77rq4y,317,https://www.speedrun.com/sm64/runs/yv77rq4y,2025-08-12T10:50:46Z,3017,3017,pj0rd9mj,Gemini_,Australia,N64, 70_Star
317,0zn98vyn,318,https://www.speedrun.com/sm64/runs/0zn98vyn,3019,3019,N64, 70_Star
318,zneov3vz,318,https://www.speedrun.com/sm64/runs/zneov3vz,2023-10-18T02:47:39Z,3019,3019,qxk241kx,Heyzeus,United States,N64, 70_Star
319,y6v55w6m,318,https://www.speedrun.com/sm64/runs/y6v55w6m,2024-03-08T13:57:12Z,3019,3019,j519wqn8,Rodillo,Spain,VC, 70_Star
320,2yww1ny4,321,https://www.speedrun.com/sm64/runs/2yww1ny4,3020,3020,18vmme8l,pobo,United States,N64, 70_Star
321,z009l7oz,322,https://www.speedrun.com/sm64/runs/z009l7oz,2025-05-25T03:38:05Z,3022,3022,zx725zr8,otakung8,United States,N64, 70_Star
322,zn1jk7vm,323,https://www.speedrun.com/sm64/runs/zn1jk7vm,2021-06-03T21:04:26Z,3023,3023,kj90nrj4,Kyrette,United States,VC, 70_Star
323,yjd6wq3y,323,https://www.speedrun.com/sm64/runs/yjd6wq3y,2022-08-18T09:26:29Z,3023,3023,zx762vj7,Luco,United States,VC, 70_Star
324,z0363k4z,325,https://www.speedrun.com/sm64/runs/z0363k4z,2018-08-21T02:46:01Z,3024,3024,kjpmpe4j,Copitz,United States,N64, 70_Star
325,zxo9grez,325,https://www.speedrun.com/sm64/runs/zxo9grez,2021-07-25T11:06:10Z,3024,3024,j2wlm4pj,Johnny3Oak,United States,EMU, 70_Star
326,yvo7rq8z,325,https://www.speedrun.com/sm64/runs/yvo7rq8z,2021-10-28T20:19:08Z,3024,3024,8vkrw22j,Tag609,United States,VC, 70_Star
327,yvo70j6z,325,https://www.speedrun.com/sm64/runs/yvo70j6z,2021-10-28T21:31:31Z,3024,3024,dx307r6x,NicV,United States,N64, 70_Star
328,z0loe34z,329,https://www.speedrun.com/sm64/runs/z0loe34z,2022-08-31T17:59:59Z,3025,3025,18vkpmej,Menstilo,Germany,EMU, 70_Star
329,yolkppjy,329,https://www.speedrun.com/sm64/runs/yolkppjy,2022-12-27T17:55:11Z,3025,3025,x35m076j,Squeex,United States,N64, 70_Star
330,0y6j70m7,331,https://www.speedrun.com/sm64/runs/0y6j70m7,2023-08-30T16:08:02Z,3026,3026,qjooplj6,5upamayne,Lebanon,EMU, 70_Star
331,ylk8jgkz,331,https://www.speedrun.com/sm64/runs/ylk8jgkz,2020-08-27T17:52:59Z,3026,3026,kj9z6w84,Fuzzyness,England,N64, 70_Star
332,y9jx7vem,333,https://www.speedrun.com/sm64/runs/y9jx7vem,2024-04-19T16:24:51Z,3027,3027,8e6qyddj,Salemba,Austria,N64, 70_Star
333,z0q9254m,333,https://www.speedrun.com/sm64/runs/z0q9254m,2024-08-05T04:39:43Z,3027,3027,dx35yzej,TriforceTK,United States,N64, 70_Star
334,m389x64y,333,https://www.speedrun.com/sm64/runs/m389x64y,2026-02-19T02:14:00Z,3027,3027,jn9qe22x,Famin,United States,EMU, 70_Star
335,meeed08m,336,https://www.speedrun.com/sm64/runs/meeed08m,2023-02-14T12:46:22Z,3028,3028,x72km4y8,julien_,United States,N64, 70_Star
336,z52grr5z,337,https://www.speedrun.com/sm64/runs/z52grr5z,2022-06-27T06:14:52Z,3029,3029,zx7gkrx7,alaris,United States,N64, 70_Star
337,y9gvxjnm,337,https://www.speedrun.com/sm64/runs/y9gvxjnm,2026-04-10T21:35:51Z,3029,3029,8dwe65mj,Wookis,United States,EMU, 70_Star
338,zp935rxm,339,https://www.speedrun.com/sm64/runs/zp935rxm,2022-05-11T23:59:14Z,3030,3030,48goorxp,RetroRuns,England,N64, 70_Star
339,m3qn4n4y,339,https://www.speedrun.com/sm64/runs/m3qn4n4y,2023-06-07T10:25:21Z,3030,3030,8gee7n7j,LxqZach,Germany,N64, 70_Star
340,zxq5od5m,339,https://www.speedrun.com/sm64/runs/zxq5od5m,2024-06-07T22:52:09Z,3030,3030,xko6o278,Seceon,Chile,N64, 70_Star
341,y4j2jwdy,339,https://www.speedrun.com/sm64/runs/y4j2jwdy,2025-01-08T13:23:39Z,3030,3030,8dpn5mg8,tiles_,Ireland,EMU, 70_Star
342,zgwlowvy,343,https://www.speedrun.com/sm64/runs/zgwlowvy,2020-07-13T14:05:13Z,3031,3031,dx394zkx,max25,England,N64, 70_Star
343,8m75pewz,344,https://www.speedrun.com/sm64/runs/8m75pewz,2015-06-29T23:40:35Z,3032,3032,v8l732jm,Jolteon92,England,VC, 70_Star
344,mrdon84z,344,https://www.speedrun.com/sm64/runs/mrdon84z,2025-07-07T14:23:05Z,3032,3032,8167zk3x,agge40,Sweden,EMU, 70_Star
345,y2gj4kwz,346,https://www.speedrun.com/sm64/runs/y2gj4kwz,2023-07-09T17:23:32Z,3033,3033,xkm3lk7j, 70_Starnag,Germany,EMU, 70_Star
346,zxj0w5ey,346,https://www.speedrun.com/sm64/runs/zxj0w5ey,2025-03-17T19:49:50Z,3033,3033,8von1nex,Kirukiru,Japan,VC, 70_Star
347,0y6r8rjy,348,https://www.speedrun.com/sm64/runs/0y6r8rjy,2015-07-30T07:15:12Z,3034,3034,N64, 70_Star
348,z1q6r9jy,348,https://www.speedrun.com/sm64/runs/z1q6r9jy,2023-03-18T10:28:30Z,3034,3034,xk4rdzkj, 70_Starteka,United States,N64, 70_Star
349,y4nw2okm,348,https://www.speedrun.com/sm64/runs/y4nw2okm,2025-05-17T07:41:04Z,3034,3034,j51r39z8,P_Luizon,Mexico,N64, 70_Star
350,6yjekomd,351,https://www.speedrun.com/sm64/runs/6yjekomd,3037,3037,N64, 70_Star
351,y8e5le1y,351,https://www.speedrun.com/sm64/runs/y8e5le1y,2021-11-28T18:04:31Z,3037,3037,j26d1ynx,nidamario,Japan,N64, 70_Star
352,yv7g998y,351,https://www.speedrun.com/sm64/runs/yv7g998y,2025-04-26T13:54:48Z,3037,3037,joo3093j,ChiaraSM64,France,EMU, 70_Star
353,zx545pkm,351,https://www.speedrun.com/sm64/runs/zx545pkm,2025-10-10T02:00:09Z,3037,3037,jn29w2dj,PerMitzi,United States,N64, 70_Star
354,z03d6p8z,355,https://www.speedrun.com/sm64/runs/z03d6p8z,2019-01-11T11:25:42Z,3038,3038,1xy06qnj,Squirr3I,United States,EMU, 70_Star
355,yleoojxz,355,https://www.speedrun.com/sm64/runs/yleoojxz,2022-01-02T10:52:18Z,3038,3038,zx73kqj7,Skaredogged97,Switzerland,N64, 70_Star
356,mr0j4d7m,355,https://www.speedrun.com/sm64/runs/mr0j4d7m,2024-11-28T15:10:30Z,3038,3038,j4q7oqwx,Freelatas,Spain,EMU, 70_Star
357,m3n52ody,358,https://www.speedrun.com/sm64/runs/m3n52ody,2021-01-28T23:51:52Z,3039,3039,pj06y3jw,Butterlord,Canada,N64, 70_Star
358,y2xk115m,358,https://www.speedrun.com/sm64/runs/y2xk115m,2021-06-13T08:22:46Z,3039,3039,zx7zw1r8,egaSyeliR,United States,EMU, 70_Star
359,zxl8505z,358,https://www.speedrun.com/sm64/runs/zxl8505z,2022-01-26T15:07:59Z,3039,3039,18qowewj,Majoog,South Korea,EMU, 70_Star
360,z191lpwm,358,https://www.speedrun.com/sm64/runs/z191lpwm,2024-02-26T21:16:06Z,3039,3039,8g5772rj,Semaa,Bosnia and Herzegovina,EMU, 70_Star
361,yd4691qy,358,https://www.speedrun.com/sm64/runs/yd4691qy,2025-05-10T05:56:11Z,3039,3039,8dw9onoj,JoeyBagODonuts,United States,EMU, 70_Star
362,y4ndjn3m,358,https://www.speedrun.com/sm64/runs/y4ndjn3m,2025-09-08T01:17:30Z,3039,3039,86nk3mpx,YogoC,United States,N64, 70_Star
363,ywj4203z,364,https://www.speedrun.com/sm64/runs/ywj4203z,2021-12-21T05:51:36Z,3040,3040,v8lw044x,Gregobyte,Scotland,N64, 70_Star
364,mk00opvz,364,https://www.speedrun.com/sm64/runs/mk00opvz,2023-07-13T18:25:09Z,3040,3040,1xyprdvx,packerzilla,United States,N64, 70_Star
365,yll0nd3y,364,https://www.speedrun.com/sm64/runs/yll0nd3y,2023-09-27T21:31:45Z,3040,3040,y8d4po86,Toufool,United States,VC, 70_Star
366,yjg9713y,367,https://www.speedrun.com/sm64/runs/yjg9713y,2021-06-22T00:34:08Z,3041,3041,0jmvr1yj,Lusion,United States,EMU, 70_Star
367,y8kgkgxy,367,https://www.speedrun.com/sm64/runs/y8kgkgxy,2024-01-12T07:36:55Z,3041,3041,pj0edem8,franchewbacca,United States,N64, 70_Star
368,zq3po21y,369,https://www.speedrun.com/sm64/runs/zq3po21y,2019-03-01T12:45:27Z,3044,3044,qj2pngn8,Beuca,United States,N64, 70_Star
369,zq4v3j9m,369,https://www.speedrun.com/sm64/runs/zq4v3j9m,2020-10-31T04:16:37Z,3044,3044,zx7d74vx,Tabbyztorm,Pakistan,EMU, 70_Star
370,yleg583z,369,https://www.speedrun.com/sm64/runs/yleg583z,2022-04-01T22:34:50Z,3044,3044,8rpwpnqj,inferno676,United States,EMU, 70_Star
371,z16k757m,369,https://www.speedrun.com/sm64/runs/z16k757m,2025-07-22T06:01:36Z,3044,3044,xyy9z5vx,LuminanceLumi,Antarctica,EMU, 70_Star
372,yw2g9d3y,369,https://www.speedrun.com/sm64/runs/yw2g9d3y,2025-07-28T06:57:24Z,3044,3044,j0n55mr8,praxis,EMU, 70_Star
373,yve660em,369,https://www.speedrun.com/sm64/runs/yve660em,2026-03-09T19:23:39Z,3044,3044,qjn5rg1j,Leupho,France,N64, 70_Star
374,yonr1q1z,375,https://www.speedrun.com/sm64/runs/yonr1q1z,2023-06-24T22:07:47Z,3045,3045,8e6qyddj,Salemba,Austria,EMU, 70_Star
375,megkde3y,375,https://www.speedrun.com/sm64/runs/megkde3y,2024-07-15T21:00:23Z,3045,3045,xyovelwj,LiamPlayZelda,United States,VC, 70_Star
376,yoxj3k5y,375,https://www.speedrun.com/sm64/runs/yoxj3k5y,2024-07-22T16:05:47Z,3045,3045,18qowewj,Majoog,South Korea,N64, 70_Star
377,yd44g7xy,378,https://www.speedrun.com/sm64/runs/yd44g7xy,2025-08-13T00:08:30Z,3046,3046,jo3w720j,JumboJolt,Antarctica,EMU, 70_Star
378,y8p2l3nz,379,https://www.speedrun.com/sm64/runs/y8p2l3nz,2024-07-30T21:51:01Z,3048,3048,8r36epq8,Wolfovis,Germany,N64, 70_Star
379,y2weve9y,379,https://www.speedrun.com/sm64/runs/y2weve9y,2024-09-03T17:06:29Z,3048,3048,8qrwg4dj,nicov2k,United States,EMU, 70_Star
380,y28rql6y,379,https://www.speedrun.com/sm64/runs/y28rql6y,2025-08-16T10:09:39Z,3048,3048,zx7yqrx7,Voodle,United States,N64, 70_Star
381,yw2592py,379,https://www.speedrun.com/sm64/runs/yw2592py,2025-08-21T04:40:03Z,3048,3048,xylw0wmj,Linkarf,Québec,N64, 70_Star
382,zx6dpokz,383,https://www.speedrun.com/sm64/runs/zx6dpokz,2021-02-01T01:09:00Z,3049,3049,8qzmp678,Jaybomb,United States,N64, 70_Star
383,ywv39knz,383,https://www.speedrun.com/sm64/runs/ywv39knz,2023-02-03T12:46:00Z,3049,3049,8l3rw0v8,GHDEVIL666,Netherlands,EMU, 70_Star
384,zqjd8k1m,383,https://www.speedrun.com/sm64/runs/zqjd8k1m,2023-07-18T01:31:24Z,3049,3049,8vkn1mnj,madware,Chile,N64, 70_Star
385,yl269g2z,386,https://www.speedrun.com/sm64/runs/yl269g2z,2026-04-25T09:57:48Z,3050,3050,x7q70yq8,JahRidin,Switzerland,EMU, 70_Star
386,9melnr8z,387,https://www.speedrun.com/sm64/runs/9melnr8z,2016-06-26T04:02:03Z,3051,3051,EMU, 70_Star
387,mkqn5x5m,387,https://www.speedrun.com/sm64/runs/mkqn5x5m,2024-01-28T01:14:50Z,3051,3051,jn3gwmqx,Roseatia,United Kingdom,EMU, 70_Star
388,y62dx21z,389,https://www.speedrun.com/sm64/runs/y62dx21z,2023-06-10T23:10:44Z,3052,3052,zx73n50j,JDee,Canada,N64, 70_Star
389,9mr00dmq,390,https://www.speedrun.com/sm64/runs/9mr00dmq,3053,3053,dx39wqxl,CpKaka,Sweden,VC, 70_Star
390,y6xel66y,390,https://www.speedrun.com/sm64/runs/y6xel66y,2022-10-06T07:32:58Z,3053,3053,qxk4q47j,Redd,United States,N64, 70_Star
391,mro53r7m,390,https://www.speedrun.com/sm64/runs/mro53r7m,2023-03-27T23:33:28Z,3053,3053,j4232gmx,VonJim,Québec,N64, 70_Star
392,z16vwljm,390,https://www.speedrun.com/sm64/runs/z16vwljm,2025-08-09T15:35:32Z,3053,3053,x76047vj,Phoenix_64_USA,United States,N64, 70_Star
393,z000j4oz,390,https://www.speedrun.com/sm64/runs/z000j4oz,2025-08-13T05:48:47Z,3053,3053,8rm20ewj,FlamingFishsticks,United States,EMU, 70_Star
394,1zxjj5yx,395,https://www.speedrun.com/sm64/runs/1zxjj5yx,2025-03-01T14:58:10Z,3054,3054,48gr9rpx,sicko,England,VC, 70_Star
395,zgn0qx0y,395,https://www.speedrun.com/sm64/runs/zgn0qx0y,2018-04-09T17:32:33Z,3054,3054,kjppl92j,quiilucru,N64, 70_Star
396,zxlk1p8z,395,https://www.speedrun.com/sm64/runs/zxlk1p8z,2021-12-21T22:53:33Z,3054,3054,x7qw5l68,Fruitinater,United States,EMU, 70_Star
397,yvrxpr6z,395,https://www.speedrun.com/sm64/runs/yvrxpr6z,2022-06-28T15:10:26Z,3054,3054,j0nmelr8,carrickdan,Ireland,N64, 70_Star
398,y2qe6j9y,399,https://www.speedrun.com/sm64/runs/y2qe6j9y,2018-11-18T05:24:18Z,3055,3055,qj21mo8k,CartoonBuffoon,EMU, 70_Star
399,z1qdkr7y,399,https://www.speedrun.com/sm64/runs/z1qdkr7y,2022-11-29T03:03:34Z,3055,3055,j0324nmj,MrDasho,Ecuador,EMU, 70_Star
400,wzpkqvyq,401,https://www.speedrun.com/sm64/runs/wzpkqvyq,3056,3056,y8d4po86,Toufool,United States,N64, 70_Star
401,8y8gqxz1,401,https://www.speedrun.com/sm64/runs/8y8gqxz1,3056,3056,zx7dpyx7,Holahu,England,EMU, 70_Star
402,pydk7gqm,401,https://www.speedrun.com/sm64/runs/pydk7gqm,2017-03-28T18:04:08Z,3056,3056,v8lz34xm,Shy,Finland,N64, 70_Star
403,zq0e0ery,401,https://www.speedrun.com/sm64/runs/zq0e0ery,2022-01-29T10:37:19Z,3056,3056,8ge2ee2j,incha4416,N64, 70_Star
404,y2pdl36z,401,https://www.speedrun.com/sm64/runs/y2pdl36z,2022-05-07T16:58:59Z,3056,3056,98r5nd3x,3l3tric,United States,N64, 70_Star
405,yj2ndo7m,401,https://www.speedrun.com/sm64/runs/yj2ndo7m,2023-09-02T16:35:31Z,3056,3056,jnprowq8,con_,Sweden,N64, 70_Star
406,zxwk74em,407,https://www.speedrun.com/sm64/runs/zxwk74em,2023-09-27T01:11:25Z,3057,3057,qjoolrej, 70_Starbori56,Japan,N64, 70_Star
407,z08glp9m,408,https://www.speedrun.com/sm64/runs/z08glp9m,2025-04-10T02:26:40Z,3058,3058,8qo05moj,Birdman20,United States,N64, 70_Star
408,y25jnv6y,409,https://www.speedrun.com/sm64/runs/y25jnv6y,2020-06-24T00:18:31Z,3059,3059,98r294wx,NawidNation,Canada,VC, 70_Star
409,mk0p27xz,410,https://www.speedrun.com/sm64/runs/mk0p27xz,2023-07-20T09:38:23Z,3060,3060,8g54o1pj,tonaltux,United States,N64, 70_Star
410,y6e51g0z,410,https://www.speedrun.com/sm64/runs/y6e51g0z,2024-07-31T09:37:25Z,3060,3060,863k2ww8,MeepJeep,Germany,N64, 70_Star
411,yoer5kdz,410,https://www.speedrun.com/sm64/runs/yoer5kdz,2025-06-22T21:07:01Z,3060,3060,e8e23628,flow,Brazil,EMU, 70_Star
412,yd3dkd0z,413,https://www.speedrun.com/sm64/runs/yd3dkd0z,2018-11-03T00:46:44Z,3061,3061,zx7qg1y8,Muimania,Germany,EMU, 70_Star
413,z16xvo9m,414,https://www.speedrun.com/sm64/runs/z16xvo9m,2025-06-16T03:09:46Z,3062,3062,8d9pvvmx,AndyBoi1996,Norway,EMU, 70_Star
414,y4nn1vkm,414,https://www.speedrun.com/sm64/runs/y4nn1vkm,2025-08-10T17:49:46Z,3062,3062,x7qqopy8,Kudo,France,N64, 70_Star
415,z562805y,414,https://www.speedrun.com/sm64/runs/z562805y,2025-12-01T00:07:17Z,3062,3062,jnzd1m1j,RJ7k,United States,N64, 70_Star
416,8y8o9xm1,417,https://www.speedrun.com/sm64/runs/8y8o9xm1,3064,3064,y8dg7l86, 70_Starizeeh,Sweden,N64, 70_Star
417,z09wn7jz,417,https://www.speedrun.com/sm64/runs/z09wn7jz,2020-09-08T04:24:03Z,3064,3064,qjoddd3x,Hakasay,United States,N64, 70_Star
418,zq5wkr9z,417,https://www.speedrun.com/sm64/runs/zq5wkr9z,2025-10-18T06:52:52Z,3064,3064,1xy9r4yj,Mapiz,Italy,EMU, 70_Star
419,pm3ww4y0,420,https://www.speedrun.com/sm64/runs/pm3ww4y0,3065,3065,VC, 70_Star
420,z0o7g7oz,421,https://www.speedrun.com/sm64/runs/z0o7g7oz,2022-01-14T03:29:33Z,3067,3067,8r7412qj,Rynnoo,United States,EMU, 70_Star
421,y2npe7jy,421,https://www.speedrun.com/sm64/runs/y2npe7jy,2025-01-30T03:22:26Z,3067,3067,8ee7pqp8,JimmyBob,European Union,EMU, 70_Star
422,zxlx9eez,423,https://www.speedrun.com/sm64/runs/zxlx9eez,2022-02-17T05:02:51Z,3068,3068,48gye018,Jalapiñecone,Canada,N64, 70_Star
423,y4l2v7dz,423,https://www.speedrun.com/sm64/runs/y4l2v7dz,2024-08-10T20:37:36Z,3068,3068,jmor1yo8,hector,N64, 70_Star
424,zx8ed6gm,425,https://www.speedrun.com/sm64/runs/zx8ed6gm,2022-11-21T13:50:09Z,3069,3069,o86vrqpj,Joshua_iz_drunk,Ireland,EMU, 70_Star
425,y6wr7q1z,425,https://www.speedrun.com/sm64/runs/y6wr7q1z,2026-03-14T18:33:01Z,3069,3069,j2wp4qoj,Miky_,Italy,EMU, 70_Star
426,pydogeqz,427,https://www.speedrun.com/sm64/runs/pydogeqz,2016-12-24T22:09:28Z,3070,3070,N64, 70_Star
427,zgnox4ey,427,https://www.speedrun.com/sm64/runs/zgnox4ey,2018-01-28T10:14:12Z,3070,3070,kj95gwo8,arwyMilo,Canada,N64, 70_Star
428,yokd4x7z,427,https://www.speedrun.com/sm64/runs/yokd4x7z,2020-06-12T10:06:51Z,3070,3070,jo3n1e3j,RegiFlame,Sweden,EMU, 70_Star
429,yjq8lodm,427,https://www.speedrun.com/sm64/runs/yjq8lodm,2025-07-06T21:17:05Z,3070,3070,j964v0rj,YonaFawn,United States,EMU, 70_Star
430,8m7ep9z0,431,https://www.speedrun.com/sm64/runs/8m7ep9z0,2023-10-04T17:16:39Z,3071,3071,N64, 70_Star
431,mr2oo0dy,431,https://www.speedrun.com/sm64/runs/mr2oo0dy,2023-12-02T05:55:18Z,3071,3071,pj0322mj,Erthide,Québec,VC, 70_Star
432,z5k2e1jz,433,https://www.speedrun.com/sm64/runs/z5k2e1jz,2023-11-18T03:42:54Z,3072,3072,y8dwq59j,zg53,United States,N64, 70_Star
433,m7339e5y,433,https://www.speedrun.com/sm64/runs/m7339e5y,2023-12-14T23:06:28Z,3072,3072,v8lme4vj,Ce_Mec9,Québec,N64, 70_Star
434,z0qk29jm,435,https://www.speedrun.com/sm64/runs/z0qk29jm,2024-10-29T09:58:58Z,3074,3074,jmomloe8,Kaug,Japan,VC, 70_Star
435,y6penr0m,436,https://www.speedrun.com/sm64/runs/y6penr0m,2019-01-26T04:21:14Z,3075,3075,qjnp448m,Vorago,United Kingdom,EMU, 70_Star
436,yonx4g7z,436,https://www.speedrun.com/sm64/runs/yonx4g7z,2023-07-24T21:58:28Z,3075,3075,8v55qvej,Lucinovic,Netherlands,N64, 70_Star
437,0znv328m,438,https://www.speedrun.com/sm64/runs/0znv328m,2016-06-07T04:44:03Z,3076,3076,68w134xg,trevor107,Canada,N64, 70_Star
438,m31rgewz,438,https://www.speedrun.com/sm64/runs/m31rgewz,2019-08-17T08:21:43Z,3076,3076,zx7vky6x,Hafus,United States,N64, 70_Star
439,yop854jm,438,https://www.speedrun.com/sm64/runs/yop854jm,2022-07-17T04:43:31Z,3076,3076,8end5g78,SonicGordon6,United States,EMU, 70_Star
440,1zq1n95m,441,https://www.speedrun.com/sm64/runs/1zq1n95m,2015-11-05T23:15:51Z,3077,3077,v8l732jm,Jolteon92,England,N64, 70_Star
441,z00099ez,441,https://www.speedrun.com/sm64/runs/z00099ez,2025-08-11T00:53:02Z,3077,3077,8l0q0k78,GeoGringo,United States,N64, 70_Star
442,0zn9rvyn,443,https://www.speedrun.com/sm64/runs/0zn9rvyn,3078,3078,N64, 70_Star
443,oy2n57yd,443,https://www.speedrun.com/sm64/runs/oy2n57yd,3078,3078,48gem41j,igreil,United States,N64, 70_Star
444,zx3j3v8z,443,https://www.speedrun.com/sm64/runs/zx3j3v8z,2023-08-01T02:42:22Z,3078,3078,qxkqkmmx,xandrey,Costa Rica,N64, 70_Star
445,yoeno10z,443,https://www.speedrun.com/sm64/runs/yoeno10z,2025-07-15T16:11:29Z,3078,3078,j9pze07x,PrinterWontWork,United States,N64, 70_Star
446,9mr088mq,447,https://www.speedrun.com/sm64/runs/9mr088mq,3080,3080,qj26pqnx,NyZ,Japan,N64, 70_Star
447,1zxj4kyx,447,https://www.speedrun.com/sm64/runs/1zxj4kyx,3080,3080,N64, 70_Star
448,mel94w3z,447,https://www.speedrun.com/sm64/runs/mel94w3z,2023-06-04T03:24:39Z,3080,3080,jn37ppdx,cookincat,United States,EMU, 70_Star
449,kz5l1jyr,450,https://www.speedrun.com/sm64/runs/kz5l1jyr,3081,3081,v8lkw5lx,zalgo,Japan,N64, 70_Star
450,yv1ldp4y,450,https://www.speedrun.com/sm64/runs/yv1ldp4y,2021-06-18T07:26:13Z,3081,3081,814p7wl8,Boxset,Canada,EMU, 70_Star
451,zpdn7wxz,452,https://www.speedrun.com/sm64/runs/zpdn7wxz,2022-08-01T00:56:05Z,3082,3082,qxkovr28,zach,United States,N64, 70_Star
452,y28606jy,452,https://www.speedrun.com/sm64/runs/y28606jy,2025-08-24T01:41:39Z,3082,3082,y8devyoj,Serenmew,United States,N64, 70_Star
453,mrwjv97y,452,https://www.speedrun.com/sm64/runs/mrwjv97y,2026-02-20T01:12:13Z,3082,3082,j5vzy0n8,Lemoniau,United States,N64, 70_Star
454,yo8l6xdz,452,https://www.speedrun.com/sm64/runs/yo8l6xdz,2026-04-20T20:54:07Z,3082,3082,48gkep2j,EEEK,Canada,N64, 70_Star
455,ylo279ny,456,https://www.speedrun.com/sm64/runs/ylo279ny,2021-03-26T22:31:57Z,3083,3083,98rv2rdj,Perna64,United States,N64, 70_Star
456,y261qr9m,456,https://www.speedrun.com/sm64/runs/y261qr9m,2026-03-04T04:47:36Z,3083,3083,qxkrpqm8,Dackage,United States,N64, 70_Star
457,zpvgeq8z,456,https://www.speedrun.com/sm64/runs/zpvgeq8z,2026-04-24T02:58:31Z,3083,3083,8q0rd20j,Jaredsito,Mexico,EMU, 70_Star
458,pm3wogy0,459,https://www.speedrun.com/sm64/runs/pm3wogy0,3084,3084,N64, 70_Star
459,dy4j32yl,459,https://www.speedrun.com/sm64/runs/dy4j32yl,3084,3084,v8lez14x,TheDarkmanWs,Sweden,N64, 70_Star
460,mr79684z,459,https://www.speedrun.com/sm64/runs/mr79684z,2022-05-03T22:18:09Z,3084,3084,xz79p1nj,tanepota,Japan,N64, 70_Star
461,znjj6x8m,459,https://www.speedrun.com/sm64/runs/znjj6x8m,2023-02-14T13:31:20Z,3084,3084,jp4eq2kj,Borazio,Australia,N64, 70_Star
462,mr830qgy,463,https://www.speedrun.com/sm64/runs/mr830qgy,2019-05-10T21:57:37Z,3085,3085,y8d4dk58,SomeBro,United States,EMU, 70_Star
463,z5jxw9jm,463,https://www.speedrun.com/sm64/runs/z5jxw9jm,2020-06-17T05:24:07Z,3085,3085,zx7z5gq8,Rigby,Canada,N64, 70_Star
464,yl901lny,465,https://www.speedrun.com/sm64/runs/yl901lny,2017-06-10T09:36:11Z,3086,3086,0jmp25oj,skuzzi,N64, 70_Star
465,mekow20m,465,https://www.speedrun.com/sm64/runs/mekow20m,2017-07-02T11:23:43Z,3086,3086,e8e6k12j,kumasyatyou,Japan,N64, 70_Star
466,zn753g8m,467,https://www.speedrun.com/sm64/runs/zn753g8m,2022-03-06T03:19:03Z,3087,3087,86vmlw5j,Clanner_,Canada,VC, 70_Star
467,0znj977m,468,https://www.speedrun.com/sm64/runs/0znj977m,2016-05-18T01:07:22Z,3088,3088,qjoyg3x6,Lluuccuuss,England,N64, 70_Star
468,zg7oxv0z,468,https://www.speedrun.com/sm64/runs/zg7oxv0z,2019-01-24T05:32:01Z,3088,3088,kj9pq2ox,bromario28,United States,N64, 70_Star
469,zg8028jy,468,https://www.speedrun.com/sm64/runs/zg8028jy,2024-01-28T19:54:36Z,3088,3088,v8159vlj,collins_vg,United States,N64, 70_Star
470,y9wqx5nz,468,https://www.speedrun.com/sm64/runs/y9wqx5nz,2026-02-03T12:23:48Z,3088,3088,j52mydgj,txsomb,United States,N64, 70_Star
471,m33ek2qm,472,https://www.speedrun.com/sm64/runs/m33ek2qm,2022-07-27T21:46:30Z,3089,3089,86vm37pj,sevenyoshi,United States,N64, 70_Star
472,y89reoxm,473,https://www.speedrun.com/sm64/runs/y89reoxm,2018-08-09T21:36:25Z,3090,3090,v8145l8p,Squid,England,N64, 70_Star
473,zqpqj95m,473,https://www.speedrun.com/sm64/runs/zqpqj95m,2025-08-01T00:38:07Z,3090,3090,jp6ed5k8,TNewm2215,United States,N64, 70_Star
474,m7le479y,473,https://www.speedrun.com/sm64/runs/m7le479y,2025-08-09T00:27:57Z,3090,3090,7j4rz5m8,TheBarinade,Australia,N64, 70_Star
475,z00769jz,476,https://www.speedrun.com/sm64/runs/z00769jz,2025-06-13T09:40:44Z,3091,3091,j427vvmx,NaeNaeEpicSwag,United States,N64, 70_Star
476,7z083om5,477,https://www.speedrun.com/sm64/runs/7z083om5,3092,3092,N64, 70_Star
477,yoldxrjy,477,https://www.speedrun.com/sm64/runs/yoldxrjy,2023-02-07T09:57:24Z,3092,3092,xk3zqp98,SIN11,France,EMU, 70_Star
478,7z0jqg8y,479,https://www.speedrun.com/sm64/runs/7z0jqg8y,2016-06-24T12:12:59Z,3093,3093,18vo42xl,SimpleFlips,United States,N64, 70_Star
479,z09keejz,479,https://www.speedrun.com/sm64/runs/z09keejz,2020-12-24T06:02:51Z,3093,3093,x35rvpkj,Scythamer,United States,EMU, 70_Star
480,m76vg4ey,479,https://www.speedrun.com/sm64/runs/m76vg4ey,2022-07-10T06:28:21Z,3093,3093,v8lk144x,Phanton,Argentina,EMU, 70_Star
481,0y6gp0m7,482,https://www.speedrun.com/sm64/runs/0y6gp0m7,3094,3094,N64, 70_Star
482,mrr88vgm,483,https://www.speedrun.com/sm64/runs/mrr88vgm,2022-08-05T14:42:17Z,3095,3095,68wq1rv8,DeviousDD,United States,N64, 70_Star
483,mrvq6kgz,483,https://www.speedrun.com/sm64/runs/mrvq6kgz,2024-02-20T03:24:46Z,3095,3095,o86z710x,zekeSSB,United States,N64, 70_Star
484,y4jjpoqy,483,https://www.speedrun.com/sm64/runs/y4jjpoqy,2025-03-14T01:52:12Z,3095,3095,o86eweqx,hugfal055,Sweden,N64, 70_Star
485,m77w2w0m,486,https://www.speedrun.com/sm64/runs/m77w2w0m,2021-09-06T22:14:50Z,3096,3096,x3mr5328,SynSity,EMU, 70_Star
486,y8eop5wy,486,https://www.speedrun.com/sm64/runs/y8eop5wy,2021-10-24T13:48:33Z,3096,3096,zxzn5q4x,RWBYSorry,England,EMU, 70_Star
487,zx79k2gy,486,https://www.speedrun.com/sm64/runs/zx79k2gy,2022-04-03T13:39:14Z,3096,3096,7j420lwx,Progji,Germany,N64, 70_Star
488,zg737vdz,489,https://www.speedrun.com/sm64/runs/zg737vdz,2018-05-23T20:04:22Z,3097,3097,zxz99g48,Toadscool,France,EMU, 70_Star
489,z0o91x9z,489,https://www.speedrun.com/sm64/runs/z0o91x9z,2021-12-27T23:48:42Z,3097,3097,8l0oq578,fireblazethem,United States,EMU, 70_Star
490,yje4n47m,489,https://www.speedrun.com/sm64/runs/yje4n47m,2024-12-17T14:57:48Z,3097,3097,8d02v65x,phL64,Germany,N64, 70_Star
491,8yvnj8mo,492,https://www.speedrun.com/sm64/runs/8yvnj8mo,3098,3098,N64, 70_Star
492,zp113enz,492,https://www.speedrun.com/sm64/runs/zp113enz,2021-05-11T11:36:53Z,3098,3098,qjned9qj,tami,Japan,N64, 70_Star
493,yln51qrz,492,https://www.speedrun.com/sm64/runs/yln51qrz,2023-03-25T00:58:27Z,3098,3098,o86owz08,D3m0nf4ng,Germany,EMU, 70_Star
494,0zn94vyn,495,https://www.speedrun.com/sm64/runs/0zn94vyn,3099,3099,o863r08z,Seanzy,United States,N64, 70_Star
495,m7j5lqwm,496,https://www.speedrun.com/sm64/runs/m7j5lqwm,2026-03-18T18:04:33Z,3100,3100,xz9z40r8,zMatt_,Italy,N64, 70_Star
496,yojr20jm,497,https://www.speedrun.com/sm64/runs/yojr20jm,2019-09-12T01:09:22Z,3101,3101,qj2eenjk,Darrow25,Québec,VC, 70_Star
497,y8x4oe1m,497,https://www.speedrun.com/sm64/runs/y8x4oe1m,2022-11-12T08:32:26Z,3101,3101,jo35yn7j,Luisito,Mexico,VC, 70_Star
498,mkwvd9lm,497,https://www.speedrun.com/sm64/runs/mkwvd9lm,2025-07-08T07:46:20Z,3101,3101,8lovr6v8,XebasBlox,Colombia,EMU, 70_Star
499,6yje4omd,500,https://www.speedrun.com/sm64/runs/6yje4omd,3102,3102,48gr9rpx,sicko,England,N64, 70_Star
